PRAGMA foreign_keys=OFF;
BEGIN TRANSACTION;
CREATE TABLE IF NOT EXISTS "users" (
    "id" TEXT NOT NULL PRIMARY KEY,
    "username" TEXT NOT NULL,
    "email" TEXT NOT NULL,
    "password" TEXT NOT NULL,
    "role" TEXT NOT NULL DEFAULT 'admin',
    "createdAt" DATETIME NOT NULL DEFAULT CURRENT_TIMESTAMP,
    "updatedAt" DATETIME NOT NULL
);
INSERT INTO users VALUES('cmfobsua800007ajd0y06elk0','admin','admin@madachaland.org','$2b$12$fB4iaRFkhMXlqsPu3R9R9.bFW2aHeFN4SS73xKuBndLLJets78HIS','admin',1758134354768,1758134354768);
CREATE TABLE IF NOT EXISTS "circuits" (
    "id" TEXT NOT NULL PRIMARY KEY,
    "title" TEXT NOT NULL,
    "duration" TEXT NOT NULL,
    "price" TEXT NOT NULL,
    "maxPeople" INTEGER NOT NULL,
    "difficulty" TEXT NOT NULL,
    "description" TEXT NOT NULL,
    "createdAt" DATETIME NOT NULL DEFAULT CURRENT_TIMESTAMP,
    "updatedAt" DATETIME NOT NULL
);
INSERT INTO circuits VALUES('cmfpthlaf00007ag8jfnomk7e','Circuit descente sur la Tsiribihina - Itinéraire','7 Jours / 96Nuits','3000',20,'Facile','Circuit descente sur la Tsiribihina : Antananarivo – Antsirabe – Miandrivazo – Tsiribihina – Antsiraraka – Morondava',1758224529160,1758224529160);
INSERT INTO circuits VALUES('cmfpvjtbu000h7ag868lsdsq3','Circuit Côte des baobabs','16 jours / 15 nuits','3000',40,'Modéré','Circuit Côte des baobabs : Tana – Antsirabe – Miandrivazo – Tsiribihina River – Tsingy Bemaraha – Morondava – Belo sur mer – Manja – Andavadoaka – Salary – Tuléar',1758227992123,1758227992123);
INSERT INTO circuits VALUES('cmfpwh9ck00117ag88ezi66c1','Sud de Madagascar : Ifaty – Tulear – Ambatomilo','7 jours','1000',10,'Facile','Plages paradisiaques, immersion dans la culture locale et découverte des marchés traditionnels. Le sud authentique de Madagascar.',1758229552532,1758229552532);
INSERT INTO circuits VALUES('cmfpwpf6a001j7ag84u744550','Tana - Morondava et Allée des Baobabs','4-5 jours','670',30,'Difficile','Exploration des baobabs, mangroves et villages côtiers. Découvrez les géants de Madagascar dans leur environnement naturel.',1758229933331,1758229933331);
CREATE TABLE IF NOT EXISTS "highlights" (
    "id" TEXT NOT NULL PRIMARY KEY,
    "text" TEXT NOT NULL,
    "circuitId" TEXT NOT NULL,
    CONSTRAINT "highlights_circuitId_fkey" FOREIGN KEY ("circuitId") REFERENCES "circuits" ("id") ON DELETE CASCADE ON UPDATE CASCADE
);
INSERT INTO highlights VALUES('cmfpthlaf00017ag8tqbfw7ul','P 1','cmfpthlaf00007ag8jfnomk7e');
INSERT INTO highlights VALUES('cmfpthlaf00027ag85i8kiue5','P 2','cmfpthlaf00007ag8jfnomk7e');
INSERT INTO highlights VALUES('cmfpthlaf00037ag8ea1ou3rm','P 3','cmfpthlaf00007ag8jfnomk7e');
INSERT INTO highlights VALUES('cmfpthlaf00047ag8i7jq7pv4','P 4','cmfpthlaf00007ag8jfnomk7e');
INSERT INTO highlights VALUES('cmfpvjtbu000i7ag8q62vlhzq','P 1','cmfpvjtbu000h7ag868lsdsq3');
INSERT INTO highlights VALUES('cmfpvjtbu000j7ag8zu0fwjp5','P 2','cmfpvjtbu000h7ag868lsdsq3');
INSERT INTO highlights VALUES('cmfpvjtbu000k7ag8c55vyryt','P 3','cmfpvjtbu000h7ag868lsdsq3');
INSERT INTO highlights VALUES('cmfpvjtbu000l7ag8qljl7jup','P 4','cmfpvjtbu000h7ag868lsdsq3');
INSERT INTO highlights VALUES('cmfpvjtbu000m7ag8hh24l38k','P 5','cmfpvjtbu000h7ag868lsdsq3');
INSERT INTO highlights VALUES('cmfpwh9ck00127ag87uqy8efe','PF 1','cmfpwh9ck00117ag88ezi66c1');
INSERT INTO highlights VALUES('cmfpwh9ck00137ag8sh2xpf2i','PF 2','cmfpwh9ck00117ag88ezi66c1');
INSERT INTO highlights VALUES('cmfpwh9ck00147ag8wr5km0nj','PF 3','cmfpwh9ck00117ag88ezi66c1');
INSERT INTO highlights VALUES('cmfpwpf6a001k7ag8gehp03we','PF 1','cmfpwpf6a001j7ag84u744550');
INSERT INTO highlights VALUES('cmfpwpf6a001l7ag8ul1b2i7o','PF 2','cmfpwpf6a001j7ag84u744550');
INSERT INTO highlights VALUES('cmfpwpf6a001m7ag8nbe1yxe7','PF 3','cmfpwpf6a001j7ag84u744550');
INSERT INTO highlights VALUES('cmfpwpf6a001n7ag8mthtmkuc','PF 4','cmfpwpf6a001j7ag84u744550');
CREATE TABLE IF NOT EXISTS "included" (
    "id" TEXT NOT NULL PRIMARY KEY,
    "text" TEXT NOT NULL,
    "circuitId" TEXT NOT NULL,
    CONSTRAINT "included_circuitId_fkey" FOREIGN KEY ("circuitId") REFERENCES "circuits" ("id") ON DELETE CASCADE ON UPDATE CASCADE
);
INSERT INTO included VALUES('cmfpthlaf00057ag8b6wee0m9','IDP 1','cmfpthlaf00007ag8jfnomk7e');
INSERT INTO included VALUES('cmfpthlaf00067ag8qkawfvds','IDP 2','cmfpthlaf00007ag8jfnomk7e');
INSERT INTO included VALUES('cmfpthlaf00077ag8zf85q9vu','IDP 3','cmfpthlaf00007ag8jfnomk7e');
INSERT INTO included VALUES('cmfpthlaf00087ag8anvzbuo9','IDP 4','cmfpthlaf00007ag8jfnomk7e');
INSERT INTO included VALUES('cmfpvjtbu000n7ag84zo1p1uh','IDP 1','cmfpvjtbu000h7ag868lsdsq3');
INSERT INTO included VALUES('cmfpvjtbu000o7ag8nn8uiu8x','IDP 2','cmfpvjtbu000h7ag868lsdsq3');
INSERT INTO included VALUES('cmfpvjtbu000p7ag87x4zhz0v','IDP 3','cmfpvjtbu000h7ag868lsdsq3');
INSERT INTO included VALUES('cmfpvjtbu000q7ag8ye2cqzql','IDP 4','cmfpvjtbu000h7ag868lsdsq3');
INSERT INTO included VALUES('cmfpwh9ck00157ag8nmfnx6ze','IDP 1','cmfpwh9ck00117ag88ezi66c1');
INSERT INTO included VALUES('cmfpwh9ck00167ag87fd11vqy','IDP 2','cmfpwh9ck00117ag88ezi66c1');
INSERT INTO included VALUES('cmfpwh9ck00177ag8m0u0dhd1','IDP 3','cmfpwh9ck00117ag88ezi66c1');
INSERT INTO included VALUES('cmfpwpf6a001o7ag8i5pumij1','IDP 1','cmfpwpf6a001j7ag84u744550');
INSERT INTO included VALUES('cmfpwpf6a001p7ag8jyt80rr8','IDP 2','cmfpwpf6a001j7ag84u744550');
INSERT INTO included VALUES('cmfpwpf6a001q7ag8lp495npl','IDP 3','cmfpwpf6a001j7ag84u744550');
CREATE TABLE IF NOT EXISTS "itineraries" (
    "id" TEXT NOT NULL PRIMARY KEY,
    "day" INTEGER NOT NULL,
    "title" TEXT NOT NULL,
    "description" TEXT NOT NULL,
    "image" TEXT NOT NULL,
    "imageDescription" TEXT NOT NULL,
    "circuitId" TEXT NOT NULL,
    CONSTRAINT "itineraries_circuitId_fkey" FOREIGN KEY ("circuitId") REFERENCES "circuits" ("id") ON DELETE CASCADE ON UPDATE CASCADE
);
INSERT INTO itineraries VALUES('cmfpthlag000c7ag86f8jevij',1,'J1',unistr('A part le circuit Descente sur la Tsiribihina, sachez que nous sommes également en mesure de vous proposer d’autres circuits personnalisés en fonction de vos souhaits. Après votre arrivée, le chauffeur guide de Madagascar Circuits Tous se chargera de votre transfert et installation à l’hôtel. En fonction de votre disponibilité, vous débuterez votre voyage à Madagascar par la visite d’Antananarivo (la ville des Milles). Il s’agira d’un petit tour permettant d’avoir un bref aperçu de ce qu’est la capitale de Madagascar. Parmi les lieux incontournables figurent : Le quartier d’Analakely dont la fameuse avenue de l’indépendance, située en pleine centre-ville. Ce lieu est marqué par la cohabitation des architectures modernes et les maisons anciennes. C’est aussi une ancienne place du fameux marché du Zoma ;\u000aLe Rova de Manjakamiadana sur la colline d’Analamanga. C’est le palais royal où se sont succédé les rois de Madagascar. Fraîchement rénové, ce palais a été incendié en 1995;\u000aLe lac Anosy, entouré de jacarandas, et est protégé jalousement par la statue d’Ange doré érigée au milieu. Le quartier d’Anosy est actuellement le siège des différents ministères ainsi que le palais du Sénat.'),'/uploads/1758224230906-madagascar-antananarivo-city-view-office-location.jpg','Arrive a Antananarivo','cmfpthlaf00007ag8jfnomk7e');
INSERT INTO itineraries VALUES('cmfpthlag000d7ag8ibse75gz',2,'J2',unistr('Pour le deuxième jour de votre circuit Descente sur la Tsiribihina, votre guide accompagnateur vous fera découvrir les hautes terres de Madagascar en partant de la capitale vers Antsirabe, chef-lieu de la région de Vakinankaratra. Le trajet de 170 km prendra 3 ou 4 heures en voiture, une occasion d’admirer les beaux paysages des hauts-plateaux malgaches le long de la nationale 7. Cette partie de l’île est marquée par une riziculture prédominante presque partout, de l’élevage de zébus, des marchés dans les villages bordant les routes nationales, des villages rustiques souvent aux alentours des montagnes rocheuses…\u000a\u000aAprès avoir quitté la capitale, premier arrêt à Behenjy dans un paysage verdoyant dominé par les rizières. Cette ville est célèbre pour la qualité et le goût de son foie gras. Profitez de cet arrêt pour savourer ce produit à la fois doux et moelleux, préparé selon un savoir-faire local. Après cette petite séance de dégustation du foie gras de Behenjy, vous reprenez la nationale 7 pour faire escale à Ambatolampy. Située pas loin du massif d’Ankaratra, le troisième plus haut sommet de Madagascar avec ses 2500 m, la ville d’Ambatolampy est doté d’un paysage exceptionnel caractérisé par une importante agriculture qui bénéficie de la présence de plusieurs sources d’eau. Quand on évoque le nom de la ville, on revient à l’esprit sa spécialité dans le métier de la fonderie et la fabrication de marmites en aluminium. Une visite dans l’un de ces ateliers vous permettra de mieux connaître les habitants de cette ville. Votre chauffeur guide vous conduira ensuite à Antsirabe, la ville d’eau, là où vous allez passer la nuit avant l’étape suivante de votre voyage.'),'/uploads/1758224337379-pousse-pousse-antsirabe.jpg','Antananarivo – Antsirabe','cmfpthlaf00007ag8jfnomk7e');
INSERT INTO itineraries VALUES('cmfpthlag000e7ag8srs16kzd',3,'J3',unistr('Le 3ème jour de ce Circuit descente sur la Tsiribihina, vous vous trouverez à Antsirabe, dans la 3ème plus grande ville de Madagascar. Implantée à plus de 1400 m d’altitude, la vile d’eau a un climat d’altitude à la fois plus froid et chaleureux dans la matinée d’hiver. En vous promenant dans les rues, vous rencontrez des pousse-pousse aux couleurs splendides sur lesquelles sont écrits des petits mots d’humour. La ville d’Antsirabe a su garder les traces de l’architecture coloniale, ses traditions ainsi que ses atouts irrésistibles atouts touristiques.\u000aParmi les endroits incontournables figure le marché de Sabotsy. Accompagné de votre chauffeur guide, vous y vivrez une ambiance particulière typique des marchés malgaches où voix des vendeurs, couleurs de produits font partie de l’identité du marché. Vous y trouverez des objets de décorations ou des voitures en miniatures fabriquées par des artisans talentueux à partir des matériaux de récupération. Profitez de votre passage au marché pour acheter de quoi à manger durant le prochain trajet.\u000aAprès une balade sur le marché, vous vous rendrez ensuite dans un atelier de transformation de cornes de zébus pour assister au fascinant travail des artisans. Leur objectif est de travailler de manière méticuleuse pour produire des œuvres originales. Pour cela, ils s’inspirent de leur quotidien ainsi que de l’identité de leur pays, entre autres, Madagascar en tant qu’île de rêve, sa richesse floristique et faunistique… Avant de rejoindre d’autres localités intéressantes, vous serez reçu par artisan confiseur qui va faire goûter ses produits de la confiserie traditionnelle du pays.\u000aAprès un tour sur la ville et le marché, cap sur le Lac Tritriva, un lac de cratère situé à une dizaine de kilomètres d’Antsirabe. Ce lac d’une profondeur de 160 m se trouve sur le mont Tritriva qui culmine à 1651 m. Selon la légende, les eaux du lac changent de couleur à chaque fois qu’un événement majeur est sur le point de survenir au pays. C’est aussi le lieu où les célèbres couples Rabeniomby et Ravolahanta se sont suicidés suite à l’interdiction de leur union. Après leurs morts, leurs âmes auraient occupé deux arbres qui poussent entre les rochers au bord du lac et dont les troncs se sont entrelacés. Ces arbres saigneraient à chaque fois que l’on venait à les couper. Toutes ces croyances inspiraient de la peur et du respect chez les habitants pour ce qui ont été considérés comme « fady » ou tabou. Il serait d’ailleurs interdit d’y nager après avoir mangé du porc.\u000aAprès le déjeuner, vous reprendrez la route vers Miandrivazo, où vous allez passer la nuit dans un hôtel. Le lendemain, vous débuterez votre circuit descente sur la Tsiribihina à partir du quatrième jour.'),'/uploads/1758224424479-52186003633_3540c2d394_b.jpg','Antsirabe – Miandrivazo','cmfpthlaf00007ag8jfnomk7e');
INSERT INTO itineraries VALUES('cmfpthlag000f7ag8eb3zx71i',4,'J4',unistr('Durant 3 jours, vous allez vivre une véritable aventure pendant la descente sur la Tsiribihina, un très long fleuve de la côte ouest de Madagascar. Vous prenez le départ à Masiakampy après avoir été transféré en voiture tout-terrain de type 4×4. Tout au long de cette descente, appréciez la richesse floristique et faunistique de Madagascar. Vous allez immerger dans le quotidien de la population locale, admirer les divers spectacles offerts le long du fleuve : les cris de joie des enfants du village bordant le fleuve, la rencontre avec les autres voyageurs, la magie de la nature à travers des paysages de falaises impressionnants, les lémuriens qui habitent sur les rives…\u000aLa descente en pirogue traditionnelle commence après une brève présentation avec l’équipage. Durant cette aventure, les falaises domineront la majeure partie du paysage. Le mode de vie des populations des rives de la Tsiribihina se reflète à travers leur habitat, leur histoire et leur comportement. Le paysage change au fur et à mesure que la descente avance avec une apparition progressive de la forêt.\u000aPendant la descente, vous constaterez que la région environnante est un grenier de produit vivrier et de produits de rente comme le tabac. Si beaucoup préfèrent exercer l’activité de transport de ces produits via le fleuve de la Tsiribihina, d’autres ont opté pour le tourisme. Découvrez la faune très riche et variée dont des espèces de lémuriens, des chauves-souris ou des caméléons. La région de Tsiribihina est également riche en flore luxuriante et l’une des plus intéressantes et l’arbre de kapokier.\u000aVotre guide touristique prévoit une petite escale dans la cascade d’Anosiampela où vous pouvez baigner dans des eaux aux couleurs exceptionnelles. Vivez une ambiance de feu de camp durant la rencontre avec les villageois si accueillants et une nuit en bivouac sur des sables blancs. Vous allez vivre une soirée exceptionnelle animée par les chants des piroguiers.\u000aVers la fin de ce circuit Descente sur la Tsiribihina, vous allez vivre une expérience unique de votre vie en rejoignant Antsiraraka dans votre hôtel à bord de la charrette à zébus, un moyen de transport ordinaire mais très courant à Madagascar.'),'/uploads/1758224474319-madagascar-avenue-of-baobabs-sunset.jpg','J4 au J6 Descente sur Tsiribihina (137km de long)','cmfpthlaf00007ag8jfnomk7e');
INSERT INTO itineraries VALUES('cmfpthlag000g7ag81rjr4pyk',5,'J7',unistr('Après le petit déjeuner, votre transfert pour Morondava se fera en véhicule 4X4. En piste donc pour 5 heures de trajet. Passage obligé bien sûr : le grand baobab sacré, les baobabs amoureux et l’allée des baobabs. Vieux de 800 ans, ces baobabs de près de 30 mètres de haut, se trouvent dans une zone protégée depuis 2007 et sont en passe de devenir « monument national ». Ils ont fait partie d’une forêt épaisse, disparue au fil du temps.\u000aNotre guide touristique vous installera à l’hôtel où vous passerez la nuit.'),'/uploads/1758224524539-madagascar-limestone-pinnacles.jpg','Antsiraraka – Morondava','cmfpthlaf00007ag8jfnomk7e');
INSERT INTO itineraries VALUES('cmfpvjtbu000v7ag8l17jy36r',1,'J1 ',unistr('Bienvenue, Tongasoa à Madagascar. Une fois que votre avion aura atterri à l’aéroport international d’Ivato, relaxez-vous. A l’instant où notre chauffeur accompagnateur vous aura accueillis et pris en charge, notre devise est de faire de votre voyage dans la Grande Ile, un rêve réel de découvertes dont images, émotions, sensations et couleurs enrichiront désormais votre vécu.\u000aVous avez choisi ce circuit Côte des baobabs mais sachez que nous pouvons toujours vous offrir un circuit sur mesure, adapté à vos desiderata.\u000aAprès votre transfert et votre installation à l’hôtel, en fonction du temps disponible, vous commencerez votre périple par une visite d’Antananarivo, un petit tour dans la cité des Mille, question de prendre le pouls de la capitale malgache.\u000a\u000aIl est ainsi possible de voir :\u000ala colline d’Analamanga où se trouve le Rova de Manjakamiadana, palais des différents souverains malgaches, actuellement en rénovation, suite à un incendie en 1995 ;\u000ale Lac Anosy gardé par son célèbre « Ange Doré » et entouré de ses somptueux jacarandas ;\u000al’Avenue de l’Indépendance, centre ville d’Antananarivo, où la modernité cohabite avec une architecture du passé et une ambiance traditionnelle, propre aux quartiers et marchés malgaches.'),'/uploads/1758227463680-Madagascar-Antananarivo-Adobe-2-e1646900799426.jpg','Antananarivo','cmfpvjtbu000h7ag868lsdsq3');
INSERT INTO itineraries VALUES('cmfpvjtbv000w7ag8ynzpdkcu',2,'J 2',unistr('Jour 2. Nous vous emmenons au cœur de la Grande Ile. Notre première destination : la ville d’Antsirabe. Votre chauffeur accompagnateur vous conduira jusqu’à destination via la RN7. Un trajet de 170 km (3 à 4 heures de voiture) vous attend, un trajet pendant lequel vous pourrez contempler la diversité des paysages des Hautes Terres : des rizières aux zébus, en passant par les marchés en bord de route, les villages traditionnels et les spectaculaires masses rocheuses.\u000aVotre guide touristique vous arrêtera d’abord à Behenjy, célèbre pour ses rizières verdoyantes ou couleur or selon la saison, mais surtout pour son traditionnel foie gras. Pendant cette pause, vous dégusterez le foie gras, à la mode « Malagasy », un foie gras frais, de qualité supérieure, au goût velouté et d’une douceur inégalable. Que du bonheur pour vos papilles gustatives…\u000aArrêt suivant : Ambatolampy, petite ville située à proximité du Massif de l’Ankaratra, le troisième plus haut sommet de l’île culminant à plus de 2500 mètres. Ambatolampy se caractérise par ses paysages atypiques, son agriculture développée, ses nombreux points d’eau et également par la spécialisation de sa population dans les métiers de la fonderie. C’est justement vers un petit atelier de fabrication de marmites en aluminium que nous allons nous diriger pour mieux connaître les habitants de cette ville accueillante.\u000aPuis, nous poursuivrons notre périple en voiture vers la ville thermale d’Antsirabe, pour y passer la nuit et une partie de la troisième journée.'),'/uploads/1758227533363-caption.jpg','Antananarivo – Antsirabe','cmfpvjtbu000h7ag868lsdsq3');
INSERT INTO itineraries VALUES('cmfpvjtbv000x7ag8cra1jy0o',3,'J3',unistr('Jour 3. Antsirabe, troisième plus grande ville du pays située à plus de 1400 mètres d’altitude et où les matins d’hiver austral sont sans doute les plus froids du pays mais aussi les plus chaleureux. Ville des pousse-pousse aux couleurs vives, aux décorations et aux noms pleins d’humour, ville à l’achitecture coloniale bien conservée, ville de la quiétude, ville des balades et ville des traditions, Antsirabe ne pourra que vous séduire.\u000aVotre guide touristique vous conduira d’abord au grand marché de Sabotsy. Vous pourrez découvrir l’ambiance d’un marché malgache où les voix se mêlent, où les gens se rencontrent, où les couleurs des différents produits de la terre sont éclatantes et où la récupération donne une nouvelle vie aux objets, entre les mains d’artisans à l’imagination débordante. L’achat du déjeuner, un pique-nique pour faire simple, se fera à ce moment.\u000aProchaine visite : un petit atelier de miniatures et de cornes, où justement vous pouvez admirer le travail des artisans. Leurs mots d’ordre : originalité et minutie. Leur source d’inspiration : la Grande Ile, l’île de rêve, sa faune, sa flore, son quotidien. Puis, un artisan confiseur nous accueillera pour nous faire goûter à la confiserie traditionnelle malgache.\u000aNous ne pouvons passer par la ville d’Antsirabe, sans nous rendre au Lac Tritriva, à dix kilomètres. Situé dans un cratère d’un peu moins de 200 mètres de profondeur, ce lac sacré est connu pour les variations de ses couleurs, tantôt vert émeraude tantôt bleu turquoise en fonction de la luminosité. Au bord du lac, deux arbres entrelacés…selon la légende, deux amoureux à l’union impossible se seraient jetés dans le lac pour rendre leur lien immortel, puis ont été métamorphosés en branches. Les mystères du Lac Tritriva en ont fasciné plus d’un. Une visite à ne pas manquer et qui figure sur notre circuit Côte des baobabs.\u000aDébut d’après-midi : cap sur Miandrivazo. Vous passerez la nuit dans un hôtel de la ville, avant d’entamer la descente sur Tsiribihina du jour 4 au jour 6.'),'/uploads/1758227621380-istockphoto-843209486-170667a.jpg','Antsirabe – Miandrivazo','cmfpvjtbu000h7ag868lsdsq3');
INSERT INTO itineraries VALUES('cmfpvjtbv000y7ag81s1tc1ty',4,'J7',unistr('Jour 7 pour ce Circuit Côte des baobabs : découverte des Tsingy et de leur riche biodiversité. Avec votre guide, vous baignerez dans l’ambiance unique créée par ces imposants blocs de calcaire. Vous effectuerez le « circuit Andamozavaky » ou « Grands Tsingy », pendant 4 heures de marche. Si être entouré par les Tsingy paraît, à première vue, très impressionnant, leur découverte reste toutefois accessible. Le lieu est très bien aménagé pour les visiteurs et sécurisé afin de rendre plus facile la traversée.\u000aC’est donc parti pour la plus inoubliable des visites ! Les Tsingy sont remplis de mystère…car au milieu de ces monuments de calcaire, vivent une faune impressionnante et une flore très particulière. Les lémuriens ont trouvé leur abri dans cet univers spécial : c’est dans les Tsingy que l’on peut dénombrer le plus d’espèces de lémuriens au monde (propithèque, fulvus…). Vous en rencontrerez sur votre chemin. Des oiseaux rares se sont également nichés dans les Tsingy, dont certains endémiques à la zone ouest de Madagascar. La végétation quant à elle, s’est adaptée à son milieu. Entre autres, on trouve ainsi une part de formations végétales spinescentes – c’est le cas où les feuilles prennent un état épineux pour conserver l’eau -, ou encore d’autres formes de végétation qui restent à l’état nain. Plus des trois quarts des espèces répertoriées sont endémiques.\u000aNous passerons par les passages incontournables de ce circuit : les grottes aux parois ornées de constellations, où l’on distingue encore les traces d’éléments marins et où pénètrent par endroit les rayons du soleil en matinée, le toit du Tsingy, sommet accessible après quelques efforts mais où l’imprenable vue sur la forêt de pierres l’emporte sur toute sensation de fatigue, le belvédère aménagé, le pont suspendu à 70 mètres de hauteur et de 20 mètres de long dont la traversée fait naître un sentiment contradictoire de domination de cet intense paysage mais avec à la fois cette sensation d’être tout petit, minuscule, de n’être rien au milieu de l’immensité des cathédrales de calcaire.\u000aDans l’après-midi, nous abordons le circuit d’Andadoany ou les « petits Tsingy ». Il s’agit d’un parcours relativement facile, si on le compare à celui des « Grands Tsingy ». A la différence de ce dernier, nous ne plongeons pas ici au cœur des Tsingy mais préférons nous diriger vers les points de vue qui nous permettent d’apprécier la splendeur des hauteurs des Tsingy.\u000aEn traversant couloirs et grottes naturelles, nous nous retrouvons au cœur d’une forêt humide. Notre trajet sera ponctué de découvertes variées de la faune des Tsingy : caméléons, lémuriens rares, oiseaux.\u000aNous découvrons ensuite une ancienne poterie Vazimba, premiers habitants du cœur de la Grande Ile.\u000aLe soir tombé, nous retournons au gîte qui nous a accueillis la veille, pour une nuit de repos bien méritée, mais la tête sans doute remplie d’images inoubliables car la beauté des Tsingy est telle, qu’on ne peut pas la raconter…'),'/uploads/1758227727738-Tsingy_madagascar_mahayexpedition.jpg',' Le parc national Tsingy de Bemaraha','cmfpvjtbu000h7ag868lsdsq3');
INSERT INTO itineraries VALUES('cmfpvjtbv000z7ag8zhgixda7',5,'J4 au J6',unistr('Jour 4 au jour 6 pour ce Circuit Côte des baobabs : descente sur Tsiribihina, fleuve de 137 kilomètres de long et d’une largeur pouvant atteindre 1 kilomètre par endroit.\u000aVous serez transféré en 4×4 jusqu’à l’embarcadère de Makiasampy. Pendant la descente, il vous sera possible de découvrir la faune et la flore luxuriantes de la Grande Ile. Les bords de la Tsiribihina vous apporteront ainsi différents types de spectacles, allant de scènes de la vie locale quotidienne, à la magie offerte par la nature. Villages animés par les jeux d’enfants insouciants, falaises impressionnantes aux abords du fleuve, végétation et beaucoup de lémuriens dont l’habitat se trouve sur les rives de la Tsiribihina.\u000aAprès la présentation de l’équipage, nous commencerons la descente en pirogue traditionnelle. Pendant la descente, vous observerez les falaises qui se projettent vers le ciel, les villages qui longent le fleuve desquels transparaissent des modes de vie, des pratiques, des histoires, des comportements… A mesure de l’avancée de la pirogue, nous nous retrouverons dans un paysage où la forêt sera de plus en plus présente.\u000aLa région est riche en cultures vivrières. Elle cultive aussi des produits de rente comme le tabac. Quelques chalands transportent des feuilles de tabac séchées. Certains ont changé de vocation et préfèrent les touristes. Il vous sera possible de découvrir la faune : lémuriens, caméléons, chauve souris. Il est plus difficile de voir des crocodiles. S’ils peuplaient le fleuve auparavant, sans cesse dérangés par le bruit des moteurs, ils ont préféré décamper plus loin. La flore luxuriante est toujours intéressante. L’arbre du kapokier peut être pour vous une curiosité.\u000aArrêt à la cascade d’Anosiampela : au programme, baignade dans cette cascade d’une couleur de rêve, en plein cœur de l’impressionnante nature de la Grande Ile. Les villageois viennent à votre rencontre, allument parfois de grands feux de camp. Vous bivouaquerez sur des bancs de sable fin où les piroguiers animeront votre soirée par leurs chants et leur bonne humeur.\u000aTroisième jour en début d’après-midi : cap sur le village de Bekopaka en 4×4 sur 110 kilomètres, soit environ 4 heures de piste. Ce village de l’Ouest se situe au pied des Tsingy de Bemaraha, impressionnants massifs de calcaire nés du glissement tectonique provoqué par la séparation de Madagascar du continent africain il y a plus de 160 millions d’années, et classés au patrimoine mondial de l’UNESCO. Un gîte nous accueillera pour la nuit.'),'/uploads/1758227884279-Tsiribihina-River-Descent-by-Motor-Boat-03.jpg','Descente sur Tsiribihina (137km de long)','cmfpvjtbu000h7ag868lsdsq3');
INSERT INTO itineraries VALUES('cmfpvjtbv00107ag8zpfnp54q',6,'J8 ',unistr('Jour 8 pour ce Circuit Côte des baobabs : Réveil dès l’aube. Nous poursuivons la découverte de la région du Menabe. Cap sur Morondava, pour huit heures de route, soit quelques 240 kilomètres, sur une route de type « piste » et avec deux passages de bac sur la Manambolo et la Tsiribihina !\u000aEn route, la diversité des paysages ne manque pas de surprendre. Madagascar est une île de contrastes. Quel sera le prochain paysage, quelles seront les prochaines couleurs ? A chaque détour, de nouvelles impressions, de nouvelles sensations, d’autres émotions…\u000aLes rencontres humaines sont aussi surprenantes . La population locale est toujours ravie que des étrangers viennent découvrir la beauté de sa terre, beauté dont elle n’a peut-être pas toujours conscience.\u000aNous voici dans la région des baobabs, imposants arbres qui s’élancent à une quarantaine de mètres de hauteur et qui semblent prendre racine dans le ciel. Au tronc en forme de bouteille, ou au tronc fin et gris, chaque variété de baobab a sa part de magie. Aucun mot ne peut décrire le ressenti à la traversée de cette zone, tout particulièrement lorsqu’on est au milieu de la célèbre « Allée des baobabs ». Ici, on a le privilège de rêver tout éveillé… L’espace d’un instant, nous faisons partie du paysage tout comme les charrettes tirées par les zébus, les troupeaux de moutons et les enfants courant dans l’allée.\u000aBaobabs symboliques de ces lieux : le baobab sacré qui pour la population locale est un lieu d’offrandes pour les Ancêtres, et les baobabs amoureux, une série de deux arbres entrelacés qui, selon la légende, porteraient bonheur aux couples d’amoureux qui y viennent.\u000aLe coucher de soleil sur l’Allée des Baobabs est un spectacle unique, grandiose : la rencontre entre l’astre de feu et ces arbres majestueux, tout simplement… féérique.\u000aA la tombée de la nuit, votre guide vous installera à l’hôtel.'),'/uploads/1758227944396-madagascar-baobab-tree-legend-ancient.jpg','Bekopaka – Morondava','cmfpvjtbu000h7ag868lsdsq3');
INSERT INTO itineraries VALUES('cmfpwh9ck001c7ag8xrbc6yyg',1,'J1','Accueil et installation. Visite du marché local.  Marché coloré de Tuléar avec ses épices, artisanat et produits locaux typiques du sud','/uploads/1758229314694-madagascar-highlands-landscape.jpg','Arrivée Tulear','cmfpwh9ck00117ag88ezi66c1');
INSERT INTO itineraries VALUES('cmfpwh9ck001d7ag8pys4aokr',2,'J2 ',unistr('Installation en bord de mer. Détente sur la plage.\u000a\u000aPlage paradisiaque d''Ifaty avec ses eaux turquoise et cocotiers, parfaite pour la détente'),'/uploads/1758229343531-madagascar-ifaty-beach-paradise-palm-trees.jpg','Route vers Ifaty','cmfpwh9ck00117ag88ezi66c1');
INSERT INTO itineraries VALUES('cmfpwh9ck001e7ag8z0t3xo00',3,'J3',unistr('Découverte de la forêt épineuse unique au monde.\u000a\u000aForêt épineuse endémique du sud avec ses plantes succulentes et baobabs bottle'),'/uploads/1758229373115-madagascar-lemurs-in-andasibe-national-park.jpg','Forêt épineuse','cmfpwh9ck00117ag88ezi66c1');
INSERT INTO itineraries VALUES('cmfpwh9ck001f7ag8qiofhdkc',4,'J4',unistr('Immersion dans un village de pêcheurs traditionnel.\u000a\u000aVillage de pêcheurs vezo d''Ambatomilo avec ses pirogues traditionnelles sur la plage'),'/uploads/1758229440960-madagascar-adventure-climbing.jpg','Village d''Ambatomilo','cmfpwh9ck00117ag88ezi66c1');
INSERT INTO itineraries VALUES('cmfpwh9ck001g7ag825fhksr6',5,'J5',unistr('Journée libre sur les plus belles plages.\u000a\u000aFamille profitant des magnifiques plages de sable blanc du sud de Madagascar'),'/uploads/1758229464072-madagascar-family-travel-children-beach.jpg','Plages et détente','cmfpwh9ck00117ag88ezi66c1');
INSERT INTO itineraries VALUES('cmfpwh9ck001h7ag871210p6x',6,'J6',unistr('Rencontre avec les artisans locaux. Shopping.\u000a\u000aArtisans locaux travaillant le bois, les fibres et créant l''artisanat traditionnel du sud'),'/uploads/1758229513945-madagascar-traditional-village.jpg','Artisanat local','cmfpwh9ck00117ag88ezi66c1');
INSERT INTO itineraries VALUES('cmfpwh9ck001i7ag8i62x68av',7,'J7',unistr('Derniers achats et transfert aéroport.\u000a\u000aDerniers moments à Tuléar avant le départ, souvenirs d''un voyage inoubliable dans le sud'),'/uploads/1758229546519-35019733054_2108a63acc_k-1.jpg','Retour Tulear','cmfpwh9ck00117ag88ezi66c1');
INSERT INTO itineraries VALUES('cmfpwpf6b001u7ag8695qz3tq',1,'J1',unistr('Jour 8 pour ce Circuit Côte des baobabs : Réveil dès l’aube. Nous poursuivons la découverte de la région du Menabe. Cap sur Morondava, pour huit heures de route, soit quelques 240 kilomètres, sur une route de type « piste » et avec deux passages de bac sur la Manambolo et la Tsiribihina !\u000aEn route, la diversité des paysages ne manque pas de surprendre. Madagascar est une île de contrastes. Quel sera le prochain paysage, quelles seront les prochaines couleurs ? A chaque détour, de nouvelles impressions, de nouvelles sensations, d’autres émotions…\u000aLes rencontres humaines sont aussi surprenantes . La population locale est toujours ravie que des étrangers viennent découvrir la beauté de sa terre, beauté dont elle n’a peut-être pas toujours conscience.'),'/uploads/1758229835440-35019733054_2108a63acc_k-1.jpg','Arrivée Morondava','cmfpwpf6a001j7ag84u744550');
INSERT INTO itineraries VALUES('cmfpwpf6b001v7ag8om1or0b1',2,'J2',unistr('Jour 8 pour ce Circuit Côte des baobabs : Réveil dès l’aube. Nous poursuivons la découverte de la région du Menabe. Cap sur Morondava, pour huit heures de route, soit quelques 240 kilomètres, sur une route de type « piste » et avec deux passages de bac sur la Manambolo et la Tsiribihina !\u000aEn route, la diversité des paysages ne manque pas de surprendre. Madagascar est une île de contrastes. Quel sera le prochain paysage, quelles seront les prochaines couleurs ? A chaque détour, de nouvelles impressions, de nouvelles sensations, d’autres émotions…\u000aLes rencontres humaines sont aussi surprenantes . La population locale est toujours ravie que des étrangers viennent découvrir la beauté de sa terre, beauté dont elle n’a peut-être pas toujours conscience.'),'/uploads/1758229849350-madagascar-baobab-trees-landscape-sunset.jpg',' Allée des Baobabs','cmfpwpf6a001j7ag84u744550');
INSERT INTO itineraries VALUES('cmfpwpf6b001w7ag83w4g3vaz',3,'J3',unistr('Jour 8 pour ce Circuit Côte des baobabs : Réveil dès l’aube. Nous poursuivons la découverte de la région du Menabe. Cap sur Morondava, pour huit heures de route, soit quelques 240 kilomètres, sur une route de type « piste » et avec deux passages de bac sur la Manambolo et la Tsiribihina !\u000aEn route, la diversité des paysages ne manque pas de surprendre. Madagascar est une île de contrastes. Quel sera le prochain paysage, quelles seront les prochaines couleurs ? A chaque détour, de nouvelles impressions, de nouvelles sensations, d’autres émotions…\u000aLes rencontres humaines sont aussi surprenantes . La population locale est toujours ravie que des étrangers viennent découvrir la beauté de sa terre, beauté dont elle n’a peut-être pas toujours conscience.'),'/uploads/1758229891665-madagascar-family-travel-children-beach.jpg','Baobabs amoureux','cmfpwpf6a001j7ag84u744550');
INSERT INTO itineraries VALUES('cmfpwpf6b001x7ag8ibeytbd5',4,'J4',unistr('Nous voici dans la région des baobabs, imposants arbres qui s’élancent à une quarantaine de mètres de hauteur et qui semblent prendre racine dans le ciel. Au tronc en forme de bouteille, ou au tronc fin et gris, chaque variété de baobab a sa part de magie. Aucun mot ne peut décrire le ressenti à la traversée de cette zone, tout particulièrement lorsqu’on est au milieu de la célèbre « Allée des baobabs ». Ici, on a le privilège de rêver tout éveillé… L’espace d’un instant, nous faisons partie du paysage tout comme les charrettes tirées par les zébus, les troupeaux de moutons et les enfants courant dans l’allée.\u000aBaobabs symboliques de ces lieux : le baobab sacré qui pour la population locale est un lieu d’offrandes pour les Ancêtres, et les baobabs amoureux, une série de deux arbres entrelacés qui, selon la légende, porteraient bonheur aux couples d’amoureux qui y viennent.\u000aLe coucher de soleil sur l’Allée des Baobabs est un spectacle unique, grandiose : la rencontre entre l’astre de feu et ces arbres majestueux, tout simplement… féérique.'),'/uploads/1758229919856-madagascar-ifaty-beach-paradise-palm-trees.jpg','Dernière matinée','cmfpwpf6a001j7ag84u744550');
CREATE TABLE IF NOT EXISTS "not_included" (
    "id" TEXT NOT NULL PRIMARY KEY,
    "text" TEXT NOT NULL,
    "circuitId" TEXT NOT NULL,
    CONSTRAINT "not_included_circuitId_fkey" FOREIGN KEY ("circuitId") REFERENCES "circuits" ("id") ON DELETE CASCADE ON UPDATE CASCADE
);
INSERT INTO not_included VALUES('cmfpthlaf00097ag8n5ctrkjg','NIP 1','cmfpthlaf00007ag8jfnomk7e');
INSERT INTO not_included VALUES('cmfpthlaf000a7ag8ng119yi2','NIP 2','cmfpthlaf00007ag8jfnomk7e');
INSERT INTO not_included VALUES('cmfpthlaf000b7ag8wyfv56ha','NIP 3','cmfpthlaf00007ag8jfnomk7e');
INSERT INTO not_included VALUES('cmfpvjtbu000r7ag88hc0jl4x','NIP 1','cmfpvjtbu000h7ag868lsdsq3');
INSERT INTO not_included VALUES('cmfpvjtbu000s7ag8vs6fu117','NIP 2','cmfpvjtbu000h7ag868lsdsq3');
INSERT INTO not_included VALUES('cmfpvjtbu000t7ag8hmo59p5o','NIP 3','cmfpvjtbu000h7ag868lsdsq3');
INSERT INTO not_included VALUES('cmfpvjtbu000u7ag8oxd4otdn','NIP 4','cmfpvjtbu000h7ag868lsdsq3');
INSERT INTO not_included VALUES('cmfpwh9ck00187ag8lycwdzcn','NIP 1','cmfpwh9ck00117ag88ezi66c1');
INSERT INTO not_included VALUES('cmfpwh9ck00197ag81iu8g6uh','NIP 2','cmfpwh9ck00117ag88ezi66c1');
INSERT INTO not_included VALUES('cmfpwh9ck001a7ag8rxnt7qx8','NIP 3','cmfpwh9ck00117ag88ezi66c1');
INSERT INTO not_included VALUES('cmfpwh9ck001b7ag88gxx7x8z','NIP 4','cmfpwh9ck00117ag88ezi66c1');
INSERT INTO not_included VALUES('cmfpwpf6b001r7ag8lgybkl4v','NIP 1','cmfpwpf6a001j7ag84u744550');
INSERT INTO not_included VALUES('cmfpwpf6b001s7ag8p4twcq8l','NIP 2','cmfpwpf6a001j7ag84u744550');
INSERT INTO not_included VALUES('cmfpwpf6b001t7ag88yurazck','NIP 3','cmfpwpf6a001j7ag84u744550');
CREATE UNIQUE INDEX "users_username_key" ON "users"("username");
CREATE UNIQUE INDEX "users_email_key" ON "users"("email");
COMMIT;
